name,ingredient1,ingredient2,ingredient3,ingredient4,ingredient5,ingredient6,ingredient7,ingredient8,ingredient9,ingredient10
Anna Brown,mayonnaise,garlic,lettuce,jelly,coffee,crackers,walnuts,,,
James Smith,milk,apple,honey,peanut butter,vinegar,,,,,
Laura Clark,tomato,carrot,vinegar,bread,milk,,,,,
John Jones,carrot,broccoli,vinegar,strawberry,jelly,mushroom,blueberry,salt,chips,chocolate
Anna Clark,soy sauce,butter,walnuts,spinach,tea leaf,chips,strawberry,bread,,
Sophia Johnson,spinach,ketchup,walnuts,broccoli,yogurt,pasta,,,,
Sophia Clark,walnuts,butter,ketchup,chips,coffee,salt,mushroom,peanut butter,,
Chris Johnson,honey,avocado,crackers,beans,butter,yogurt,walnuts,tomato,,
Jane Clark,onion,ginger,milk,salt,strawberry,,,,,
Jane Smith,mustard,vinegar,pasta,spinach,walnuts,strawberry,banana,onion,sugar,
James Garcia,blueberry,avocado,walnuts,spinach,crackers,jelly,cereal,rice,oats,
Jane Johnson,almonds,garlic,salt,broccoli,banana,butter,mayonnaise,,,
Michael Martinez,blueberry,banana,almonds,oats,tea leaf,pepper,,,,
John Williams,sugar,cereal,salt,pasta,cheese,potato,,,,
Jane Miller,orange,banana,onion,mustard,ketchup,,,,,
Laura Miller,honey,almonds,milk,mayonnaise,jelly,peanut butter,broccoli,spinach,corn,
Jane Clark,flour,oats,mushroom,chocolate,bread,mayonnaise,,,,
David Clark,vinegar,ginger,rice,apple,mayonnaise,lettuce,chocolate,,,
Laura Johnson,rice,chips,potato,chocolate,blueberry,beans,lettuce,apple,,
John Smith,cheese,salt,beans,mustard,walnuts,yogurt,,,,
John Miller,beans,tomato,spinach,corn,peanut butter,coffee,mayonnaise,avocado,,
Laura Smith,coffee,carrot,beans,butter,chips,chocolate,potato,,,
Sophia Smith,flour,sugar,tea leaf,spinach,chips,mayonnaise,,,,
Emily Jones,blueberry,cheese,tea leaf,flour,mustard,pepper,spinach,,,
Michael Johnson,sugar,crackers,pepper,walnuts,oats,orange,mushroom,carrot,honey,
Jane Johnson,spinach,banana,chocolate,almonds,honey,coffee,vinegar,onion,,
James Garcia,cheese,garlic,apple,salt,tea leaf,butter,spinach,,,
Anna Johnson,salt,mushroom,tea leaf,sugar,flour,oil,walnuts,garlic,carrot,
James Garcia,avocado,strawberry,tomato,garlic,tea leaf,,,,,
Jane Johnson,milk,apple,oats,carrot,mustard,vinegar,,,,
David Davis,honey,orange,oats,pasta,vinegar,coffee,,,,
Michael Miller,almonds,peanut butter,tea leaf,lettuce,blueberry,bread,onion,,,
Michael Brown,blueberry,crackers,beans,lettuce,salt,jelly,vinegar,bread,,
James Davis,orange,onion,butter,pepper,garlic,coffee,banana,pasta,beans,
James Johnson,orange,butter,blueberry,spinach,mustard,avocado,jelly,,,
Anna Miller,broccoli,milk,lettuce,crackers,banana,carrot,beans,,,
David Johnson,spinach,orange,flour,garlic,mayonnaise,potato,soy sauce,walnuts,,
Emily Clark,ginger,broccoli,salt,oil,chips,blueberry,orange,soy sauce,,
Laura Davis,almonds,broccoli,crackers,rice,ketchup,flour,potato,,,
Chris Garcia,ketchup,oil,ginger,oats,jelly,,,,,
David Johnson,carrot,rice,oats,broccoli,chips,ketchup,butter,,,
James Clark,cereal,chocolate,lettuce,tomato,banana,potato,coffee,milk,almonds,
Sophia Johnson,mayonnaise,walnuts,vinegar,beans,soy sauce,milk,carrot,potato,oil,onion
Emily Williams,chocolate,flour,garlic,banana,potato,,,,,
Chris Martinez,mushroom,ketchup,onion,carrot,ginger,,,,,
Chris Clark,onion,ketchup,oil,ginger,apple,jelly,,,,
David Clark,yogurt,ketchup,apple,orange,walnuts,mushroom,potato,beans,,
Chris Williams,pasta,carrot,rice,ketchup,spinach,corn,,,,
Emily Johnson,onion,crackers,carrot,lettuce,tea leaf,beans,,,,
Michael Williams,sugar,salt,soy sauce,butter,orange,,,,,
Michael Smith,honey,cereal,ginger,mustard,ketchup,onion,rice,garlic,chips,
David Jones,spinach,tea leaf,beans,apple,lettuce,carrot,peanut butter,crackers,strawberry,coffee
David Davis,salt,pasta,walnuts,chips,tea leaf,pepper,,,,
Sophia Clark,peanut butter,milk,butter,ginger,lettuce,potato,oil,,,
Anna Davis,tomato,milk,chips,oats,cheese,beans,ketchup,,,
Anna Smith,onion,oats,walnuts,strawberry,soy sauce,broccoli,beans,tea leaf,,
Michael Martinez,butter,flour,chocolate,rice,beans,mushroom,ketchup,corn,sugar,
Anna Brown,soy sauce,tomato,honey,garlic,peanut butter,blueberry,beans,cheese,bread,spinach
Chris Miller,milk,broccoli,salt,banana,coffee,butter,tea leaf,oats,,
James Garcia,ketchup,flour,cereal,crackers,peanut butter,vinegar,blueberry,corn,pasta,mustard
David Garcia,crackers,coffee,pasta,butter,honey,,,,,
John Miller,apple,honey,oil,potato,ketchup,broccoli,mayonnaise,,,
Chris Clark,cheese,chips,yogurt,salt,orange,oats,,,,
David Brown,corn,coffee,mustard,spinach,honey,yogurt,ketchup,,,
James Davis,chips,potato,mustard,salt,rice,tea leaf,,,,
John Jones,mustard,chips,sugar,yogurt,jelly,,,,,
James Clark,mayonnaise,pepper,broccoli,milk,salt,chips,corn,tomato,,
Jane Davis,crackers,blueberry,flour,mushroom,oil,,,,,
Laura Williams,spinach,beans,orange,ginger,chocolate,jelly,mushroom,blueberry,,
James Johnson,oats,lettuce,chips,apple,orange,broccoli,blueberry,coffee,vinegar,
Chris Johnson,butter,coffee,spinach,avocado,oats,ginger,bread,onion,,
Sophia Johnson,chips,honey,orange,sugar,potato,carrot,cheese,,,
James Martinez,oats,beans,oil,onion,bread,potato,ginger,,,
Michael Miller,tea leaf,potato,bread,yogurt,lettuce,,,,,
David Smith,mayonnaise,blueberry,coffee,carrot,orange,tea leaf,mustard,,,
Anna Garcia,yogurt,ketchup,broccoli,ginger,crackers,,,,,
Chris Jones,mushroom,peanut butter,rice,mayonnaise,orange,cheese,,,,
Jane Brown,chips,crackers,mustard,coffee,beans,mayonnaise,rice,jelly,flour,
Chris Jones,coffee,ketchup,butter,honey,soy sauce,vinegar,lettuce,mushroom,mustard,
David Johnson,tea leaf,corn,broccoli,honey,cereal,chips,,,,
David Garcia,oil,walnuts,mushroom,flour,apple,strawberry,crackers,tomato,,
David Smith,onion,carrot,pepper,potato,sugar,walnuts,corn,peanut butter,oil,
Chris Brown,sugar,strawberry,tomato,mayonnaise,orange,cheese,yogurt,,,
Chris Brown,pasta,soy sauce,honey,chips,corn,pepper,banana,mayonnaise,coffee,
Jane Garcia,mustard,butter,broccoli,beans,oil,peanut butter,crackers,almonds,carrot,
Sophia Davis,vinegar,salt,mushroom,ginger,chips,ketchup,broccoli,,,
Michael Jones,cereal,chocolate,garlic,chips,milk,,,,,
Chris Williams,tea leaf,banana,bread,potato,peanut butter,,,,,
John Martinez,orange,peanut butter,lettuce,oil,carrot,ketchup,soy sauce,,,
Anna Smith,orange,oats,potato,sugar,pepper,walnuts,bread,mushroom,,
Sophia Miller,banana,rice,avocado,bread,mayonnaise,garlic,,,,
Sophia Johnson,cereal,banana,salt,sugar,butter,carrot,oil,onion,walnuts,
James Williams,apple,mushroom,crackers,ginger,mustard,coffee,walnuts,rice,,
Michael Martinez,corn,flour,oats,chocolate,spinach,orange,apple,coffee,,
David Davis,peanut butter,carrot,broccoli,cheese,walnuts,beans,apple,garlic,almonds,
James Garcia,ginger,sugar,avocado,yogurt,ketchup,blueberry,,,,
John Miller,bread,coffee,crackers,oil,pepper,,,,,
David Martinez,ginger,potato,blueberry,sugar,honey,,,,,
Laura Johnson,cheese,orange,broccoli,tomato,jelly,flour,garlic,soy sauce,,
Chris Jones,soy sauce,bread,salt,jelly,butter,,,,,
James Martinez,broccoli,garlic,blueberry,crackers,strawberry,rice,mushroom,oats,soy sauce,cereal
James Williams,yogurt,vinegar,chips,pasta,milk,salt,tea leaf,jelly,cereal,butter
Chris Miller,cheese,chocolate,cereal,apple,mayonnaise,onion,,,,
James Martinez,almonds,banana,vinegar,jelly,beans,corn,crackers,,,
Laura Jones,rice,blueberry,vinegar,pasta,almonds,yogurt,chocolate,,,
James Davis,ginger,rice,avocado,peanut butter,broccoli,spinach,butter,pasta,,
David Garcia,yogurt,ginger,orange,pasta,cereal,lettuce,,,,
John Davis,corn,tea leaf,pasta,vinegar,mustard,oats,ketchup,,,
Sophia Clark,broccoli,flour,butter,mustard,lettuce,ginger,garlic,,,
James Williams,yogurt,sugar,potato,tomato,mustard,ginger,banana,spinach,cereal,
Michael Johnson,mayonnaise,avocado,ketchup,oil,cereal,cheese,chocolate,coffee,chips,mustard
Emily Williams,jelly,tomato,bread,apple,avocado,lettuce,oats,oil,,
Jane Johnson,coffee,oats,rice,mustard,pasta,chocolate,potato,crackers,,
Anna Miller,oats,carrot,lettuce,orange,ketchup,pasta,blueberry,,,
John Johnson,bread,butter,cereal,ginger,banana,vinegar,sugar,garlic,,
Emily Williams,lettuce,carrot,milk,apple,flour,corn,ginger,cereal,yogurt,
David Brown,avocado,cheese,pasta,carrot,spinach,beans,,,,
Laura Clark,spinach,ginger,apple,garlic,ketchup,,,,,
Chris Miller,jelly,milk,bread,vinegar,strawberry,pepper,,,,
Laura Williams,jelly,corn,mushroom,bread,strawberry,sugar,tomato,,,
David Martinez,milk,corn,mushroom,carrot,oil,coffee,potato,jelly,lettuce,avocado
Anna Jones,jelly,ginger,flour,potato,vinegar,carrot,lettuce,chocolate,peanut butter,banana
James Davis,butter,mushroom,milk,ketchup,carrot,pasta,corn,spinach,,
Jane Garcia,vinegar,tea leaf,bread,rice,honey,sugar,chips,,,
James Brown,carrot,salt,broccoli,beans,walnuts,crackers,ketchup,peanut butter,,
John Williams,mayonnaise,ketchup,walnuts,apple,onion,,,,,
Michael Davis,cereal,crackers,orange,corn,garlic,lettuce,yogurt,cheese,soy sauce,spinach
Anna Williams,potato,orange,cheese,carrot,corn,chocolate,strawberry,,,
Laura Williams,cereal,coffee,yogurt,rice,tea leaf,milk,onion,apple,ketchup,banana
Anna Brown,lettuce,crackers,rice,spinach,onion,jelly,strawberry,soy sauce,chocolate,flour
James Brown,tea leaf,corn,blueberry,carrot,apple,avocado,orange,rice,,
Chris Miller,walnuts,bread,honey,oats,mustard,garlic,tea leaf,butter,apple,sugar
Michael Miller,bread,butter,oats,ginger,almonds,chips,peanut butter,spinach,banana,
Michael Martinez,tea leaf,tomato,ginger,banana,oil,,,,,
Jane Martinez,tea leaf,ketchup,corn,coffee,chocolate,bread,yogurt,orange,milk,
Laura Garcia,flour,mushroom,vinegar,lettuce,mayonnaise,honey,almonds,coffee,bread,
John Williams,oats,honey,tea leaf,milk,bread,butter,cereal,pepper,,
Laura Williams,rice,walnuts,jelly,soy sauce,yogurt,butter,tomato,,,
Laura Martinez,beans,chocolate,corn,spinach,walnuts,avocado,,,,
James Martinez,peanut butter,spinach,corn,potato,chocolate,salt,lettuce,banana,coffee,
Chris Clark,milk,honey,vinegar,blueberry,lettuce,flour,walnuts,apple,orange,
James Clark,honey,jelly,blueberry,garlic,butter,peanut butter,avocado,broccoli,,
Jane Johnson,ketchup,tomato,mustard,avocado,vinegar,,,,,
Sophia Williams,blueberry,avocado,honey,ketchup,peanut butter,coffee,butter,oil,carrot,
James Martinez,chips,banana,ketchup,broccoli,avocado,tea leaf,mushroom,coffee,pepper,
Anna Davis,tomato,rice,crackers,cereal,coffee,apple,yogurt,vinegar,blueberry,
Emily Miller,avocado,ketchup,strawberry,broccoli,cereal,mushroom,honey,salt,sugar,
Chris Garcia,peanut butter,coffee,honey,oil,banana,chips,garlic,cereal,,
Michael Jones,pasta,sugar,vinegar,mushroom,walnuts,beans,,,,
Jane Garcia,oats,flour,blueberry,onion,ketchup,beans,,,,
